{
  "variants": 
  {
    "": 
    [
      {"model": "minecraft:block/cobbled_deepslate"},
      { "model": "minecraft:block/cobbled_deepslate", "x": 90 },
      { "model": "minecraft:block/cobbled_deepslate", "x": 180 },
      { "model": "minecraft:block/cobbled_deepslate", "x": 270 },
      { "model": "minecraft:block/cobbled_deepslate", "y": 90 },
      { "model": "minecraft:block/cobbled_deepslate", "y": 90, "x": 90 },
      { "model": "minecraft:block/cobbled_deepslate", "y": 90, "x": 180 },
      { "model": "minecraft:block/cobbled_deepslate", "y": 90, "x": 270 },
      { "model": "minecraft:block/cobbled_deepslate", "y": 180 },
      { "model": "minecraft:block/cobbled_deepslate", "y": 180, "x": 90 },
      { "model": "minecraft:block/cobbled_deepslate", "y": 180, "x": 180 },
      { "model": "minecraft:block/cobbled_deepslate", "y": 180, "x": 270 },
      { "model": "minecraft:block/cobbled_deepslate", "y": 270 },
      { "model": "minecraft:block/cobbled_deepslate", "y": 270, "x": 90 },
      { "model": "minecraft:block/cobbled_deepslate", "y": 270, "x": 180 },
      { "model": "minecraft:block/cobbled_deepslate", "y": 270, "x": 270 }
      ]
  }
}