{
  "variants": 
  {
    "axis=x": 
    [
      {"model": "minecraft:block/crimson_stem","x": 90,"y": 90},
      {"model": "minecraft:block/crimson_stem_2","x": 90,"y": 90},
      {"model": "minecraft:block/crimson_stem_3","x": 90,"y": 90},
      {"model": "minecraft:block/crimson_stem_4","x": 90,"y": 90},
      {"model": "minecraft:block/crimson_stem_5","x": 90,"y": 90},
      {"model": "minecraft:block/crimson_stem_6","x": 90,"y": 90},
      {"model": "minecraft:block/crimson_stem_7","x": 90,"y": 90},
      {"model": "minecraft:block/crimson_stem_8","x": 90,"y": 90},
      {"model": "minecraft:block/crimson_stem_9","x": 90,"y": 90},
      {"model": "minecraft:block/crimson_stem_10","x": 90,"y": 90}
    ],
    "axis=y": 
    [
      {"model": "minecraft:block/crimson_stem"},
      {"model": "minecraft:block/crimson_stem_2"},
      {"model": "minecraft:block/crimson_stem_3"},
      {"model": "minecraft:block/crimson_stem_4"},
      {"model": "minecraft:block/crimson_stem_5"},
      {"model": "minecraft:block/crimson_stem_6"},
      {"model": "minecraft:block/crimson_stem_7"},
      {"model": "minecraft:block/crimson_stem_8"},
      {"model": "minecraft:block/crimson_stem_9"},
      {"model": "minecraft:block/crimson_stem_10"}
    ],
    "axis=z": 
    [
      {"model": "minecraft:block/crimson_stem","x": 90},
      {"model": "minecraft:block/crimson_stem_2","x": 90},
      {"model": "minecraft:block/crimson_stem_3","x": 90},
      {"model": "minecraft:block/crimson_stem_4","x": 90},
      {"model": "minecraft:block/crimson_stem_5","x": 90},
      {"model": "minecraft:block/crimson_stem_6","x": 90},
      {"model": "minecraft:block/crimson_stem_7","x": 90},
      {"model": "minecraft:block/crimson_stem_8","x": 90},
      {"model": "minecraft:block/crimson_stem_9","x": 90},
      {"model": "minecraft:block/crimson_stem_10","x": 90}
    ]
  }
}