{
    "variants": {
        "": [
            { "model": "minecraft:block/mossy_cobblestone" },
            { "model": "minecraft:block/mossy_cobblestone", "x": 90 },
            { "model": "minecraft:block/mossy_cobblestone", "x": 180 },
            { "model": "minecraft:block/mossy_cobblestone", "x": 270 },
            { "model": "minecraft:block/mossy_cobblestone", "y": 90 },
            { "model": "minecraft:block/mossy_cobblestone", "y": 90, "x": 90 },
            { "model": "minecraft:block/mossy_cobblestone", "y": 90, "x": 180 },
            { "model": "minecraft:block/mossy_cobblestone", "y": 90, "x": 270 },
            { "model": "minecraft:block/mossy_cobblestone", "y": 180 },
            { "model": "minecraft:block/mossy_cobblestone", "y": 180, "x": 90 },
            { "model": "minecraft:block/mossy_cobblestone", "y": 180, "x": 180 },
            { "model": "minecraft:block/mossy_cobblestone", "y": 180, "x": 270 },
            { "model": "minecraft:block/mossy_cobblestone", "y": 270 },
            { "model": "minecraft:block/mossy_cobblestone", "y": 270, "x": 90 },
            { "model": "minecraft:block/mossy_cobblestone", "y": 270, "x": 180 },
            { "model": "minecraft:block/mossy_cobblestone", "y": 270, "x": 270 }
        ]
    }
}