{
    "variants": {
        "east=none,north=none,south=none,west=none": { "model": "minecraft:block/redstone_none" },

        "east=none,north=side,south=none,west=none": { "model": "minecraft:block/redstone_n" },
        "east=none,north=none,south=side,west=none": { "model": "minecraft:block/redstone_n" },
        "east=side,north=none,south=none,west=none": { "model": "minecraft:block/redstone_n", "y": 90 },
        "east=none,north=none,south=none,west=side": { "model": "minecraft:block/redstone_n", "y": 90 },

        "east=none,north=up,south=none,west=none": { "model": "minecraft:block/redstone_uns" },
        "east=none,north=none,south=up,west=none": { "model": "minecraft:block/redstone_uns", "y": 180 },
        "east=up,north=none,south=none,west=none": { "model": "minecraft:block/redstone_uew" },
        "east=none,north=none,south=none,west=up": { "model": "minecraft:block/redstone_uew", "y": 180 },

        "east=side,north=side,south=none,west=none":   { "model": "minecraft:block/redstone_ne" },
        "east=side,north=up,south=none,west=none":  { "model": "minecraft:block/redstone_une" },
        "east=up,north=side,south=none,west=none":  { "model": "minecraft:block/redstone_nue" },
        "east=up,north=up,south=none,west=none": { "model": "minecraft:block/redstone_unue" },

        "east=side,north=none,south=side,west=none":   { "model": "minecraft:block/redstone_ne", "y": 90 },
        "east=up,north=none,south=side,west=none":  { "model": "minecraft:block/redstone_une", "y": 90 },
        "east=side,north=none,south=up,west=none":  { "model": "minecraft:block/redstone_nue", "y": 90 },
        "east=up,north=none,south=up,west=none": { "model": "minecraft:block/redstone_unue", "y": 90 },

        "east=none,north=none,south=side,west=side":   { "model": "minecraft:block/redstone_ne", "y": 180 },
        "east=none,north=none,south=up,west=side":  { "model": "minecraft:block/redstone_une", "y": 180 },
        "east=none,north=none,south=side,west=up":  { "model": "minecraft:block/redstone_nue", "y": 180 },
        "east=none,north=none,south=up,west=up": { "model": "minecraft:block/redstone_unue", "y": 180 },

        "east=none,north=side,south=none,west=side":   { "model": "minecraft:block/redstone_ne", "y": 270 },
        "east=none,north=side,south=none,west=up":  { "model": "minecraft:block/redstone_une", "y": 270 },
        "east=none,north=up,south=none,west=side":  { "model": "minecraft:block/redstone_nue", "y": 270 },
        "east=none,north=up,south=none,west=up": { "model": "minecraft:block/redstone_unue", "y": 270 },

        "east=none,north=side,south=side,west=none":  { "model": "minecraft:block/redstone_n" },
        "east=none,north=up,south=side,west=none": { "model": "minecraft:block/redstone_uns" },
        "east=none,north=side,south=up,west=none": { "model": "minecraft:block/redstone_uns", "y": 180 },
        "east=none,north=up,south=up,west=none": { "model": "minecraft:block/redstone_unus" },

        "east=side,north=none,south=none,west=side":  { "model": "minecraft:block/redstone_n", "y": 90 },
        "east=up,north=none,south=none,west=side": { "model": "minecraft:block/redstone_uns", "y": 90 },
        "east=side,north=none,south=none,west=up": { "model": "minecraft:block/redstone_uns", "y": 270 },
        "east=up,north=none,south=none,west=up": { "model": "minecraft:block/redstone_ueuw" },

        "east=side,north=side,south=side,west=none":    { "model": "minecraft:block/redstone_nse" },
        "east=side,north=up,south=side,west=none":   { "model": "minecraft:block/redstone_unse" },
        "east=side,north=side,south=up,west=none":   { "model": "minecraft:block/redstone_nuse" },
        "east=up,north=side,south=side,west=none":   { "model": "minecraft:block/redstone_nsue" },
        "east=up,north=side,south=up,west=none":  { "model": "minecraft:block/redstone_nusue" },
        "east=side,north=up,south=up,west=none":  { "model": "minecraft:block/redstone_unuse" },
        "east=up,north=up,south=side,west=none":  { "model": "minecraft:block/redstone_unsue" },
        "east=up,north=up,south=up,west=none": { "model": "minecraft:block/redstone_unusue" },

        "east=side,north=none,south=side,west=side":    { "model": "minecraft:block/redstone_nse", "y": 90 },
        "east=up,north=none,south=side,west=side":   { "model": "minecraft:block/redstone_unse", "y": 90 },
        "east=side,north=none,south=side,west=up":   { "model": "minecraft:block/redstone_nuse", "y": 90 },
        "east=side,north=none,south=up,west=side":   { "model": "minecraft:block/redstone_nsue", "y": 90 },
        "east=side,north=none,south=up,west=up":  { "model": "minecraft:block/redstone_nusue", "y": 90 },
        "east=up,north=none,south=side,west=up":  { "model": "minecraft:block/redstone_unuse", "y": 90 },
        "east=up,north=none,south=up,west=side":  { "model": "minecraft:block/redstone_unsue", "y": 90 },
        "east=up,north=none,south=up,west=up": { "model": "minecraft:block/redstone_unusue", "y": 90 },

        "east=none,north=side,south=side,west=side":    { "model": "minecraft:block/redstone_nse", "y": 180 },
        "east=none,north=side,south=up,west=side":   { "model": "minecraft:block/redstone_unse", "y": 180 },
        "east=none,north=up,south=side,west=side":   { "model": "minecraft:block/redstone_nuse", "y": 180 },
        "east=none,north=side,south=side,west=up":   { "model": "minecraft:block/redstone_nsue", "y": 180 },
        "east=none,north=up,south=side,west=up":  { "model": "minecraft:block/redstone_nusue", "y": 180 },
        "east=none,north=up,south=up,west=side":  { "model": "minecraft:block/redstone_unuse", "y": 180 },
        "east=none,north=side,south=up,west=up":  { "model": "minecraft:block/redstone_unsue", "y": 180 },
        "east=none,north=up,south=up,west=up": { "model": "minecraft:block/redstone_unusue", "y": 180 },

        "east=side,north=side,south=none,west=side":    { "model": "minecraft:block/redstone_nse", "y": 270 },
        "east=side,north=side,south=none,west=up":   { "model": "minecraft:block/redstone_unse", "y": 270 },
        "east=up,north=side,south=none,west=side":   { "model": "minecraft:block/redstone_nuse", "y": 270 },
        "east=side,north=up,south=none,west=side":   { "model": "minecraft:block/redstone_nsue", "y": 270 },
        "east=up,north=up,south=none,west=side":  { "model": "minecraft:block/redstone_nusue", "y": 270 },
        "east=up,north=side,south=none,west=up":  { "model": "minecraft:block/redstone_unuse", "y": 270 },
        "east=side,north=up,south=none,west=up":  { "model": "minecraft:block/redstone_unsue", "y": 270 },
        "east=up,north=up,south=none,west=up": { "model": "minecraft:block/redstone_unusue", "y": 270 },

        "east=side,north=side,south=side,west=side": { "model": "minecraft:block/redstone_nsew" },

        "east=side,north=up,south=side,west=side": { "model": "minecraft:block/redstone_unsew" },
        "east=side,north=side,south=up,west=side": { "model": "minecraft:block/redstone_unsew", "y": 180 },
        "east=up,north=side,south=side,west=side": { "model": "minecraft:block/redstone_unsew", "y": 90 },
        "east=side,north=side,south=side,west=up": { "model": "minecraft:block/redstone_unsew", "y": 270 },

        "east=side,north=up,south=up,west=side": { "model": "minecraft:block/redstone_unusew" },
        "east=up,north=side,south=side,west=up": { "model": "minecraft:block/redstone_unusew", "y": 90 },

        "east=up,north=up,south=side,west=side": { "model": "minecraft:block/redstone_unsuew" },
        "east=up,north=side,south=up,west=side": { "model": "minecraft:block/redstone_unsuew", "y": 90 },
        "east=side,north=side,south=up,west=up": { "model": "minecraft:block/redstone_unsuew", "y": 180 },
        "east=side,north=up,south=side,west=up": { "model": "minecraft:block/redstone_unsuew", "y": 270 },

        "east=up,north=up,south=up,west=side": { "model": "minecraft:block/redstone_unusuew" },
        "east=up,north=side,south=up,west=up": { "model": "minecraft:block/redstone_unusuew", "y": 90 },
        "east=side,north=up,south=up,west=up": { "model": "minecraft:block/redstone_unusuew", "y": 180 },
        "east=up,north=up,south=side,west=up": { "model": "minecraft:block/redstone_unusuew", "y": 270 },

        "east=up,north=up,south=up,west=up": { "model": "minecraft:block/redstone_unusueuw" }
    }
}
