{
  "variants": 
  {
    "axis=x": 
    [
      {"model": "minecraft:block/warped_hyphae","x": 90,"y": 90},
      {"model": "minecraft:block/warped_hyphae_2","x": 90,"y": 90},
      {"model": "minecraft:block/warped_hyphae_3","x": 90,"y": 90},
      {"model": "minecraft:block/warped_hyphae_4","x": 90,"y": 90},
      {"model": "minecraft:block/warped_hyphae_5","x": 90,"y": 90},
      {"model": "minecraft:block/warped_hyphae_6","x": 90,"y": 90},
      {"model": "minecraft:block/warped_hyphae_7","x": 90,"y": 90},
      {"model": "minecraft:block/warped_hyphae_8","x": 90,"y": 90},
      {"model": "minecraft:block/warped_hyphae_9","x": 90,"y": 90},
      {"model": "minecraft:block/warped_hyphae_10","x": 90,"y": 90}
    ],
    "axis=y": 
    [
      {"model": "minecraft:block/warped_hyphae"},
      {"model": "minecraft:block/warped_hyphae_2"},
      {"model": "minecraft:block/warped_hyphae_3"},
      {"model": "minecraft:block/warped_hyphae_4"},
      {"model": "minecraft:block/warped_hyphae_5"},
      {"model": "minecraft:block/warped_hyphae_6"},
      {"model": "minecraft:block/warped_hyphae_7"},
      {"model": "minecraft:block/warped_hyphae_8"},
      {"model": "minecraft:block/warped_hyphae_9"},
      {"model": "minecraft:block/warped_hyphae_10"}
    ],
    "axis=z": 
    [
      {"model": "minecraft:block/warped_hyphae","x": 90},
      {"model": "minecraft:block/warped_hyphae_2","x": 90},
      {"model": "minecraft:block/warped_hyphae_3","x": 90},
      {"model": "minecraft:block/warped_hyphae_4","x": 90},
      {"model": "minecraft:block/warped_hyphae_5","x": 90},
      {"model": "minecraft:block/warped_hyphae_6","x": 90},
      {"model": "minecraft:block/warped_hyphae_7","x": 90},
      {"model": "minecraft:block/warped_hyphae_8","x": 90},
      {"model": "minecraft:block/warped_hyphae_9","x": 90},
      {"model": "minecraft:block/warped_hyphae_10","x": 90}
    ]
  }
}