{
    "textures": {
        "all": "block/bamboo_stalk",
        "particle": "block/bamboo_stalk",
        "inside": "block/bamboo_inside"
    },
    "elements": [
        {   "from": [ 6, 0, 6 ],
            "to": [ 10, 16, 10 ],
            "faces": {
                "down":  { "uv": [ 0, 0, 4, 4 ], "texture": "#inside", "cullface": "down" },
                "up":    { "uv": [ 0, 0, 4, 4 ], "texture": "#inside", "cullface": "up" },
                "north": { "uv": [ 8, 0, 12, 16 ], "texture": "#all" },
                "south": { "uv": [ 8, 0, 12, 16 ], "texture": "#all" },
                "west":  { "uv": [  8, 0, 12, 16 ], "texture": "#all" },
                "east":  { "uv": [  8, 0, 12, 16 ], "texture": "#all" }
            }
        }
    ]
}
