{
    "parent": "block/block",
    "textures": {
        "a": "block/pale_hanging_moss_2",
        "b": "block/pale_hanging_moss",
        "particle": "block/pale_hanging_moss"
        
    },
    "elements": [
        {
            "from": [ 0, 0, 8 ],
            "to": [ 16, 16, 8 ],
            "rotation": { "origin": [ 8, 8, 8 ], "axis": "y", "angle": 45,"rescale": true },
            "shade": false,
            "faces": {
                "north": { "uv": [ 0, 0, 16, 16 ], "texture": "#a" },
                "south": { "uv": [ 0, 0, 16, 16 ], "texture": "#a" }
            }
        },
        {
            "from": [ 8, 0, 0],
            "to": [ 8, 16, 16 ],
            "rotation": { "origin": [ 8, 8, 8 ], "axis": "y", "angle": 45,"rescale": true },
            "shade": false,
            "faces": {
                "west": { "uv": [ 0, 0, 16, 16 ], "texture": "#b" },
                "east": { "uv": [ 0, 0, 16, 16 ], "texture": "#b" }
            }
        }
    ]
}
